SampleID,Location,Latitude,Longitude,Replicate,Date,Species,abb,Species_photo#,Shoot_number,Canopy_photo#,Canopyheight_1,C_note1,Canopyheight_2,C_note2,Canopyheight_3,C_note3,Canopyheight_4,C_note4,Canopyheight_5,C_note5,Canopyheight_6,C_note6,Canopyheight_7,C_note7,Canopyheight_8,C_note8,Canopyheight_9,C_note9,Canopyheight_10,C_note10,Leaf_photo#,Leaflength_1,L_note1,Leaflength_2,L_note2,Leaflength_3,L_note3,Leaflength_4,L_note4,Leaflength_5,L_note5,Leaflength_6,L_note6,Leaflength_7,L_note7,Leaflength_8,L_note8,Leaflength_9,L_note9,Leaflength_10,L_note10,Leafwidth_1,Leafwidth_2,Leafwidth_3,Leafwidth_4,Leafwidth_5,Leafwidth_6,Leafwidth_7,Leafwidth_8,Leafwidth_9,Leafwidth_10,Root_photo#,Rootlength_1,Rootlength_2,Rootlength_3,Rootlength_4,Rootlength_5,Rootlength_6,Rootlength_7,R_note7,Rootlength_8,Rootlength_9,Rootlength_10,R_note10,Rhizomediameter_1,Rhizomediameter_2,Rhizomediameter_3,Rhizomediameter_4,Rhizomediameter_5,Rhizomediameter_6,Rhizomediameter_7,Rhizomediameter_8,Rhizomediameter_9,Rhizomediameter_10,Internodelength_1,Internodelength_2,Internodelength_3,Internodelength_4,Internodelength_5,Internodelength_6,Internodelength_7,Internodelength_8,Internodelength_9,Internodelength_10,Aboveground_photo#,Aboveground_wet_mass,Aboveground_dry_mass1,Aboveground_dry_mass2,Aboveground_dry_mass3,Belowground_photo#,Belowground_wet_mass,Belowground_dry_mass1,Belowground_dry_mass2,Belowground_dry_mass3,Flower_seed,Pack,Note1,Note2,Note3,Note4,Note5
PAL1_28082022,Pallarenda,-19.18391802,146.764945,1,28/08/2022,Holudule uninervis narrow,HUN,P1312923,180,P1312924,22.08,,40.91,,19.55,,26.95,,48.63,,43.48,,30.71,,39.56,,36.17,,37.79,,P1312925,30.58,,17.31,,34.45,,25.65,,41.18,,16.32,,50.07,,33.56,,41.64,,10.9,,0.61,0.49,0.77,0.52,0.68,0.65,0.84,0.55,0.71,0.68,P1312926,41.66,61.02,36.16,64.9,22.66,39.07,76.4,,15.39,26.68,31.03,,0.72,0.68,0.61,0.47,0.44,0.62,0.77,0.51,0.67,0.55,7.78,7.61,6.7,11.74,8.42,12.34,7.97,7.13,7.53,7.11,P1312927,4302.2,191.1,189.6,189.6,P1312928,10981.6,651.9,648.8,646.7,0,yes,Leaf length and width order was check again with photo,Correctly measured with image J,,,
PAL1_28082022,Pallarenda,-19.18391802,146.764945,1,28/08/2022,Halophila ovalis,HO,P1312922,134,P1312936,16.64,,13.65,,13.21,,12.75,,15,,18.02,,16.4,,15.86,,14.75,,14.96,,P1312936,8.05,,8.54,,8.17,,6.79,,10,,9.44,,7.4,,7.42,,9.82,,9.42,,3.59,4.18,5.48,3.69,5.67,6.12,3.31,3.37,4.98,4.86,P1312936,46.53,35.31,21.76,43.33,11.83,35.22,29.54,,17.43,66.07,45.35,,0.62,0.51,0.73,0.62,0.82,0.61,0.93,0.82,0.77,0.7,27.29,15.62,21.63,11,24.95,30.61,12.07,22.54,12.64,16.46,P1312937,2882.5,98.1,96.66,96,P1312938,4282.3,150.7,150.1,148.4,0,yes,Leaf length and width order was check again with photo,Correctly measured with image J,,,
PAL1_28082022,Pallarenda,-19.18391802,146.764945,1,28/08/2022,Zostera muelleri subsp. capricorni,ZC,P1312929,3,P1312930,24.81,,16.59,c,21.4,,,,,,,,,,,,,,,,P1312932,20.02,,13.55,,29.5,,22.2,,24.18,,17.71,,19.51,,12.45,,,,,,1.6,1.18,1.6,1.59,2.16,2.12,1.75,1.75,,,P1312933,25.75,49.8,63.62,30.49,28.65,,,,,,,,2.03,1.93,,,,,,,,,12.38,8.87,,,,,,,,,P1312934,132.9,7.6,5.8,8.5,P1312935,202.8,16.7,15.8,14.7,0,yes,Leaf length and width order was check again with photo,Correctly measured with image J,,,
PAL2_28082022,Pallarenda,-19.18388701,146.76486,2,28/08/2022,Zostera muelleri subsp. capricorni,ZC,P1312939,74,P1312940,53.04,,43.58,,49.82,,38.67,,29.09,,37.34,,17.17,,55.96,,53.42,,54.4,,P1312941,40.32,,53.3,,46.44,C,36.75,,50.33,C,34.95,,46.83,,33.86,C,34.68,,20.58,,2.38,2.25,2.33,2.56,1.37,1.59,1.33,1.59,1.72,1.67,P1312942,59.07,35.72,27.22,34.04,37.35,11.56,51.49,,40.06,32.75,65.85,,0.84,0.82,0.69,0.66,1,0.9,0.92,0.48,0.51,0.55,16.07,19.37,20.87,24.36,18.82,17.89,14.09,7.85,10.51,6.12,P1312943,8175.4,544.4,552.3,548.3,P1312944,14125.2,727.5,723.8,720.1,7,yes,Leaf length and width order was check again with photo,Correctly measured with image J,,,
PAL2_28082022,Pallarenda,-19.18388701,146.76486,2,28/08/2022,Halophila ovalis,HO,P1312945,21,P1312946,19.62,,12.41,,12.55,,15.37,,9.48,,12.46,,13.02,,11.85,,10.92,,,,P1312946,10.32,,8.55,,7.57,,7.24,,6.27,,7.63,,6.83,,6.48,,5.44,,6.31,,6.47,6.93,5.9,4.54,3.76,3.64,3.84,3.62,2.88,4.32,P1312946,17.3,42.21,48.45,10.8,25.87,18.45,26.23,,40.41,15.75,20.55,,0.62,0.78,0.89,0.39,0.41,0.54,0.74,0.5,,,24.01,23.2,21.49,8.66,9.68,9.67,4.75,7.23,,,P2012947,267,17.1,17.7,15.2,P2012948,670.7,26.6,26.5,26,0,yes,W/L in order,,,,
PAL2_28082022,Pallarenda,-19.18388701,146.76486,2,28/08/2022,Holudule uninervis narrow,HUN,P2012949,113,P2012950,55.13,,38.3,,61.39,,45.21,,50.79,,34.21,,52.34,,35.22,,67.2,,35.76,,P2012951,49.6,,35.66,,46.82,,47.16,,9.82,,51.18,,20.75,,36.95,,48.19,,35.07,,0.89,0.53,0.72,0.67,0.66,0.64,0.71,0.81,0.72,0.58,P2012952,67.57,33.49,22.07,20.45,27.86,32.72,54.68,,29.61,41.23,15.14,,0.94,0.79,0.81,0.88,0.62,0.58,0.77,0.48,0.58,0.52,13.87,12.45,33.88,9.92,8.22,12.64,15.13,11.06,6,13.28,P2012953,1824,91.6,91.2,91.4,P2012954,8809.5,524.4,522.4,523.3,0,yes,W/L in order,,,,
PAL3_28082022,Pallarenda,-19.18367201,146.764783,3,28/08/2022,Halophila ovalis,HO,P2012955,55,P2012956,12.4,,11.41,,14.16,,24.31,,19.03,,14.56,,15.48,,15.83,,13.69,,19.88,,P2012956,9.69,,10.93,,8.71,,10.14,,7.87,,7.34,,8.68,,7.64,,6.35,,6.2,,5.61,5.45,4.44,5.08,3.55,3.24,4.02,3.42,2.4,2.67,P2012956,65.59,22.69,64.81,33.18,42.33,65.21,32.47,,33.8,19.22,35.29,,0.79,0.75,0.54,0.68,0.38,0.5,0.66,0.68,0.4,0.48,15.92,17.47,12.1,21.65,25.88,16.3,6.51,12.13,21.71,15.97,P2012957,892.8,39.9,37.7,38.3,P2012958,2154.7,82.8,79.8,81.3,0,yes,W/L in order,,,,
PAL3_28082022,Pallarenda,-19.18367201,146.764783,3,28/08/2022,Holudule uninervis narrow,HUN,P2012959,220,P2012960,43.3,,24.75,,40.45,,63.77,,62.3,,50.16,,55.72,,40.68,,55.17,,42.2,,P2012961,18.51,,55.94,,22.95,,34.58,,41.38,,46.95,,13.94,,39.53,,23.69,,42.07,,0.73,0.85,0.48,0.76,0.68,0.82,0.8,0.74,0.8,0.68,P2012962,53.35,35.39,44.56,23.73,35.35,40.19,97.72,,82.78,87.1,23.77,,0.68,0.78,0.51,0.49,0.77,0.51,0.45,0.6,0.74,0.61,8.92,12.96,9.36,7.22,15.92,12.34,16.61,8.66,7.67,9.25,P2012963,5485.5,272.1,271.7,271.2,P2012964,17614.8,1342.6,1335,1335.5,0,yes,W/L in order,,,,
PAL5_09202022,Pallarenda,-19.18185599,146.765599,5,09/20/2022,Holudule uninervis narrow,HUN,P2103265,287,P2103266,23.98,,34.68,,19.86,,18.15,,43.26,,25.54,,34.08,,22.26,,36.82,,35.83,,P2103267,21.94,,14.36,,33,,8.78,,21.47,,61.57,,22.76,,14.9,,8.92,,34.09,,0.77,0.73,0.7,0.79,0.71,0.72,0.77,0.8,0.83,0.67,P2103266,40.2,23.75,24.41,23.07,22.85,18.15,63.7,,45.02,41.96,19.48,,0.59,0.48,0.66,0.4,0.42,0.47,0.6,0.43,0.32,0.5,15.79,16.05,24.23,10.12,9.41,10.34,16.42,13.81,15.41,5.87,P2103268,6923.5,287.9,286.5,,P2103269,34653.7,2526.8,2526.7,,0,yes,W/L in order,,,,
PAL7_26122022,Pallarenda,-19.18400997,146.766158,7,26/12/2022,Holudule uninervis narrow,HUN,P2113291,187,P2113292,61.12,,30.13,,60.47,,75.11,,63.04,,76.71,,93.32,,55.6,,70.52,,54.37,,P2123293,58.02,,23.05,,28.08,,39.64,,58.74,,43.3,,85.63,,34.63,,44.91,,57.73,,0.55,0.68,0.62,0.72,0.66,0.42,0.78,0.57,0.57,0.71,P2113292,33.11,75.73,103.97,42.91,23.49,38.49,45.96,,35.87,15.45,77.79,,0.82,0.69,0.89,0.83,0.81,0.69,0.54,0.49,0.76,0.7,11.33,12.72,11.36,11.26,23.25,13.04,7.02,8.61,13.46,13.39,P2123299,6836.8,309,309.1,,P2123300,16171.2,1459,1453.7,,5,yes,W/L in order,"Some fruits in the sample. See P2123294, P2123296, P2123297",More droping leaves than other HUN samples,"One broken lead of HUW in sample. Maybe it's from subtidal? See: P2113289, P2113290",The original measurements for rhizome were too thin. Use ImageJ measurements. See file with picture
PAL7_26122022,Pallarenda,-19.18400997,146.766158,7,26/12/2022,Halophila ovalis,HO,P2123301,62,P2123302,27.4,,31.74,,39.38,,31.78,,21.52,,28.91,,16.59,,31.67,,29.41,,26.29,,P2123302,15.24,,15.35,,15.55,,16.62,,12.81,,11.63,,9.74,,11.48,,11.52,,13.64,,5.99,5.36,4.68,4.83,5.33,4.16,4.8,3.75,3.43,4.09,P2123302,13.74,45.59,38.38,11.99,27.01,27.05,78.17,,25.24,24.26,17.75,,0.58,0.6,0.59,0.51,0.58,0.42,0.59,0.53,0.44,0.58,19.83,6.98,16.82,10.3,14.18,22.12,22.05,8.34,10.13,9.15,P2123306,2085.8,84.2,83.5,,P2123307,3938.5,121.7,121.5,,0,yes,W/L in order,"Double check rhizome diameter on computer, P2123302 -> Checked. ImageJ generally get bigger measurement due to the fuzzy zone of water. Keep the original measurements.",Photo for whole sample: P2113288,,
PAL7_26122022,Pallarenda,-19.18400997,146.766158,7,26/12/2022,Zostera muelleri subsp. capricorni,ZC,P2123308,1,P2123309,85.13,,,,,,,,,,,,,,,,,,,,P2123310,27.95,,80.32,,67.15,C,33.98,,,,,,,,,,,,,,1.49,2.11,1.67,2,,,,,,,P2123309,12.17,42.06,40.6,,,,,,,,,,1.87,1.13,,,,,,,,,,,,,,,,,,,P2123311,155.9,11.8,11.9,,P2123312,327.5,33.1,32.8,,0,yes,W/L in order,No clear node for measurment. See P2123309,,,
PAL8_26122022,Pallarenda,-19.18380202,146.765541,8,26/12/2022,Holudule uninervis narrow,HUN,P2123313,201,P2123314,94.2,,60.56,,68.71,,78.69,,81.66,,45.95,,68.57,,57.88,,81.46,,60.77,,P2123316,59.85,,22.41,,60.47,,92.79,,81.61,,55.23,,53.79,,85.33,,100.36,,63.79,,0.59,0.65,0.46,0.56,0.47,0.43,0.45,0.61,0.72,0.54,P2123314,37.13,25.32,89.11,43.88,58.22,62.53,75.09,,38.31,32.62,20.37,,0.51,0.5,0.7,0.51,0.58,0.62,0.45,0.52,0.41,0.43,21.02,10.42,15.85,15.84,14.3,12.26,17.29,20.04,10.45,16.66,P2123317,7751.9,465.9,462.6,,P2123318,16841.2,1430.2,1416.5,,20,yes,W/L in order,At least 20 fruit/seed,Some droping leaves and rhizomes,One broken lead of HUW in sample.,Double check rhizome diameter with P2123314 -> Checked. ImageJ generally get bigger measurement due to the fuzzy zone of water. Keep the original measurements.
PAL8_26122022,Pallarenda,-19.18380202,146.765541,8,26/12/2022,Halophila ovalis,HO,P2123319,53,P2123320,28.78,,16.99,,28.37,,20.45,,24.12,,37.58,,10.31,,22.02,,20.32,,20.29,,P2123320,15.73,,12.72,,12.97,,12.08,,10.65,,10.95,,9.91,,9.55,,9.71,,16.91,,5.11,5.85,4.67,4.26,3.16,3.33,3.35,3.25,3.7,5.63,P2123320,48.95,2.36,13.71,41.12,29.77,33.69,27.77,,18.11,36.35,22.83,,0.28,0.67,0.55,0.49,0.44,0.3,0.31,0.3,0.34,0.54,12.08,17.4,12.41,10.93,11.62,13.83,15.96,12.4,20.44,15.43,P2123322,1163.6,44.6,44.4,,P2123323,3099.2,105.2,105.4,,0,yes,W/L in order,Double check rhizome diameter: P2123321 -> checked similar result. Keep original measurements,,,
PAL9_26122022,Pallarenda,-19.18380403,146.765311,9,26/12/2022,Halophila ovalis,HO,P2133357,47,P2133358,19.21,,19.09,,17.68,,33.67,,13.35,,22.52,,25.92,,11.27,,31.3,,28.17,,P2133358,8.19,,7.05,,10.87,,11.72,,11.33,,10.91,,11.75,,12.73,,14.68,,7.57,,2.86,2.88,4.17,3.54,5,5.11,5.26,4.6,4.59,3.56,P2133358,28.42,46.39,14.86,24.95,35.08,38.05,30.25,,15.03,10.65,14.7,,0.51,0.53,0.67,0.54,0.53,0.53,0.46,0.35,0.73,0.46,12.59,9.35,11.73,13.02,12.08,12.54,8.67,6.23,6.55,12.32,P2133359,704.6,34.4,35,,P2133360,1740.5,55.1,56.4,,0,yes,W/L in order,Rhizome diameter measure on computer: P2133358 -> measured,,,
PAL9_26122022,Pallarenda,-19.18380403,146.765311,9,26/12/2022,Zostera muelleri subsp. capricorni,ZC,P2133361,25,P2133362,57.87,,80.16,,64.7,,84.17,,63.8,,101.34,C,85.22,,75.79,,81.81,,84.63,,P2133363,47.94,,87.24,,78.62,,59.11,,51.42,,51.3,,46.74,,80.34,,84.96,,65.09,,1.42,1.62,1.02,0.89,1.88,1.77,1.88,1.93,1.87,1.63,P2133364,64.27,47.33,39.07,82.21,64.55,53.9,38.17,,38.28,50.23,85.75,,0.95,0.73,1.12,1.18,0.79,0.77,0.83,1.05,0.98,1.12,12.59,20.7,14.82,21.75,16.29,10.03,16.6,11.46,10.29,7.8,P2133365,3165.9,239.2,238.9,,P2133366,7337.4,446.6,442.8,,0,yes,W/L in order,,,,
PAL9_26122022,Pallarenda,-19.18380403,146.765311,9,26/12/2022,Holudule uninervis narrow,HUN,P2133367,229,P2133368,87.87,,80.34,,63.46,,62.56,,115.46,,66.52,,96.65,,63.71,,46.82,,65.19,,P2133369,32.83,,41.97,,61.12,,101.75,,25.1,,62.71,,74.62,,31.77,,84.46,,46.08,,0.67,0.54,0.39,0.36,0.56,0.52,0.52,0.5,0.52,0.38,P2133368,33.93,35.49,56.34,76.14,49.08,40.66,67.66,,71.62,44.13,26.85,,0.44,0.49,0.68,0.48,0.66,0.44,0.36,0.56,0.43,0.45,16.52,12.16,20.95,19.36,12.4,15.75,11.03,10.11,15.75,6.71,P2133370,6688.6,383.8,280.8,,P2133371,15704.4,1304.4,1296.3,,19,yes,W/L in order,,,,
PALSUB1_2409222,Pallarenda_subtidal,-19.20117402,146.778294,1,24/09/2022,Holudule uninervis wide,HUW,P2012965,12,"P2012966, P2012967",103.38,,64.6,,137.65,,54.13,,68.15,C,164,L,111.53,,129.6,,124.43,,34.92,,P2012968,56.24,,122.1,,115.51,,58.63,,125.04,,105.74,,76.6,,61.38,,99.97,,96.36,,2.42,4.29,4.49,4.08,4.42,4,4.12,4.12,3.75,3.64,P2012969,34.32,30.77,16.23,64.65,24.89,18.55,23.46,,54.47,29.98,7.65,,1.64,1.51,1.38,1.12,1.28,0.76,0.76,0.93,1.02,0.81,9.97,16.54,8.82,4.95,3.51,14.38,,,,,P2012970,3008.4,NA,241.4,,P2012971,2327.9,341.3,341.4,,0,yes,W/L in order,,,,
PALSUB1_2409222,Pallarenda_subtidal,-19.20117402,146.778294,1,24/09/2022,Halophila spinulosa,HS,P2012973,16,"P2012974, P2012979",67.85,,45.31,,115.82,,76.9,,38.81,,57.64,,55.26,,91.88,,17.67,,,,P2012981,16.96,,15.07,,12.3,,13.33,,14.98,,14.02,,16.53,,13.93,,11.94,,13.39,,3.26,3.53,3.03,2.89,3.39,3.33,3.4,3.01,2.83,3.01,"P2012974, P2012979",73.76,42.51,84.14,28.5,70.38,34.15,59.1,,57.81,37.47,56.56,,0.88,0.74,0.61,1.3,0.85,0.89,1.03,0.94,,,32.81,14.56,40.98,15.77,35.17,18.61,24.08,29.25,,,P2012982,3679.8,312.8,312,,P2012983,2039.1,168.9,170.8,,7,yes,W/L in order,"Flower bud or early fruit, P2012975, P2012976, P2012978",,,
PALSUB2_2409222,Pallarenda_subtidal,-19.20107502,146.778247,2,24/09/2022,Holudule uninervis narrow,HUN,P2012985,29,P2012986,80.25,,57.36,,68.64,,127.24,,48.24,,47.23,,65.4,,40.27,,44.56,,53.24,,P2012987,103.53,,57.14,,48.48,,31,,78.34,,74.26,,56.88,,24.66,,85.01,,60.91,,0.92,0.6,0.9,1.05,0.84,0.81,0.72,0.76,0.86,0.81,P2012986,79.41,29.02,55.45,43.8,60.27,19.15,19.14,,7.05,41.59,33.33,,0.54,0.46,0.68,0.64,0.68,0.69,0.59,0.57,0.4,0.8,13.24,21.91,16.5,7.58,7.97,9.17,11.46,13.78,8.41,12.23,P2012988,860.6,60.2,60,,P2012989,2263.3,219.2,220.8,,0,yes,W/L in order,Photo of all sample: P2012984,1 Shoot of HS was in the sample,,
PALSUB2_2409222,Pallarenda_subtidal,-19.20107502,146.778247,2,24/09/2022,Halophila ovalis,HO,P2012990,5,P2012992,30.57,,23.28,,28.76,,25.52,,29.62,,,,,,,,,,,,P2012992,11,,9.84,,10.75,,9.76,,8.96,,12.83,,,,,,,,,,4.5,3.49,3.84,3.2,3.45,5.97,,,,,P2012992,13.57,10.52,12.54,9.75,9.43,11.43,19.15,,,,,,0.49,0.56,0.56,0.44,0.62,0.56,0.55,,,,10.66,13.03,16.89,14.02,10.41,14.81,,,,,P2012993,82.7,6,4.7,,P2012994,93.4,2.6,3.1,,0,yes,W/L in order,,,,
PALSUB2_2409222,Pallarenda_subtidal,-19.20107502,146.778247,2,24/09/2022,Holudule uninervis wide,HUW,P2012995,22,P2012996,133.07,,120.64,,76.54,C,75.57,,83.26,C,88.03,C,90.46,,46.78,C,38.18,C,58.99,C,P2012998,76.21,,94.13,,76.35,,61.28,,109.06,,95.21,,31.47,,84.04,C,90.79,C,37.42,,3.13,3.18,2.92,3.08,3.33,3.31,1.84,2.02,1.97,3.47,P2012997,63.25,28.97,56.74,40.19,72.64,27.39,40.27,,73.05,34.88,35.27,,1.63,1.5,1.51,1.02,0.85,0.56,0.63,0.77,0.73,0.74,20.98,25.65,29.12,10.42,8.77,17.51,14.79,20.27,19.91,23.28,P2012999,3464.4,208.6,207.2,,P2013000,4648.6,401.7,406.1,,0,yes,W/L in order,,,,
PALSUB3_2409222,Pallarenda_subtidal,-19.20155103,146.778329,3,24/09/2022,Holudule uninervis wide,HUW,P2023001,13,P2023002,106.44,C,81.8,C,62.71,C,98.68,,62.55,C,72.38,C,68.85,,88.16,,,,,,P2023003,77.83,,66.96,C,55.93,C,55.35,,55.47,,81.81,,80.14,,33.47,,94.81,,61.07,C,3.13,3.32,3.59,3.4,3.83,3.75,3.72,3.46,3.63,3.09,P2023002,40.82,64.41,32.95,14.99,25.36,24.81,42.79,,43.48,18.31,29.94,,1.19,0.89,0.78,0.95,0.82,0.97,,,,,13.26,18.59,15.4,8.96,15.83,6.9,,,,,P2023004,2130.2,138.8,139.3,,P2023005,3014.4,389.9,395.3,,0,yes,W/L in order,,,,
PALSUB3_2409222,Pallarenda_subtidal,-19.20155103,146.778329,3,24/09/2022,Holudule uninervis narrow,HUN,P2023006,13,P2023007,44.15,,111.6,,129.04,,77.59,,54.24,,129.23,,45.54,,91.73,,42.78,,43.79,,P2023008,41.36,,98.02,,94.47,,115.29,,56.17,,77.47,,28.34,,30.76,,40.95,,128.84,,0.86,0.83,0.7,0.73,0.89,0.8,0.98,0.75,0.57,0.97,P2023007,22.96,25.07,85.6,33.52,29.13,17.35,56.01,,30.24,46.65,33.98,,0.64,0.76,0.4,0.58,0.73,0.6,0.87,0.54,0.49,0.42,10.48,16.3,7.98,11.75,15.68,21.43,23.8,5.41,5.38,,P2023009,311.2,24.3,24.4,,P2023010,666.5,43.8,44.6,,0,yes,W/L in order,,,,
PALSUB4_2409222,Pallarenda_subtidal,-19.20936297,146.780186,4,24/09/2022,Holudule uninervis wide,HUW,P2143386,23,P2143387,109.33,,133.19,,100.33,,117.64,,66.77,C,79.65,C,123.12,,104.33,,102.21,,107.06,,P2143387,59.53,,103.94,,61.35,,29.88,,31.46,,108.62,,99.78,,115.33,,79.75,,101.53,,3.07,3.04,3.3,2.56,2.93,2.75,3.1,2.89,3.85,3.34,P2143387,44.63,25.24,87.21,71.81,63.87,44.58,37.61,,31.44,30.95,39.05,,1.04,1.01,1.13,1.04,1.18,0.86,1.06,0.92,0.89,1.15,18.52,6.34,7.06,13.03,11.7,6.23,4.83,8.79,5.2,7.38,P2143393,6930.1,454.3,458.7,,P2143394,6344.1,600.5,605.2,,1,yes,W/L in order,One rhizome of HO in sample (without leaf),,,
PALSUB5_2409222,Pallarenda_subtidal,-19.21127999,146.780249,5,24/09/2022,Holudule uninervis wide,HUW,P2143414,19,P2143415,69.06,,74,,92.62,,61.98,,122.8,,78.14,,41.34,,70.66,,98.04,,82.64,C,P2143416,98.27,,65.81,,42.79,,76.03,,52.36,,85.14,,58.41,,109.09,,69.93,,94.28,,1.65,1.58,1.52,1.52,2.59,2.16,3.44,3.35,3.15,3.09,,56.35,72.15,56.64,26.24,18.39,29.9,78.97,,43.49,46.36,39.29,,1.36,0.94,1.23,1.37,1.92,1.09,1.03,1.05,1.11,1.3,8.7,15.18,9.68,12.03,6.8,9.01,15.89,11.32,12.57,8.83,P2143417,2690.6,148.3,149.4,,P2143418,4983.3,476.3,475.6,,0,yes,W/L in order,,,,
PALSUB5_2409222,Pallarenda_subtidal,-19.21127999,146.780249,5,24/09/2022,Holudule uninervis narrow,HUN,P2143391,79,P2143395,62.07,,65.47,,75.28,,90.1,,71.63,,68.26,,50.55,,51.26,,40.92,,56.13,,P2143396,20.09,,39.24,,39.74,,64.01,,69.92,,27.82,,113.28,,75.15,,56.06,,63.14,,0.92,0.68,0.7,0.77,0.75,0.74,0.67,0.74,0.66,0.75,P2143395,56.44,23.47,27.03,30.58,84.98,12.66,41.41,,44.19,14.42,28.1,,0.62,0.9,0.67,0.48,0.77,0.55,0.58,0.56,0.64,0.51,8.59,10.48,10.07,16.72,8.65,16.65,9.48,7.17,12.77,14.43,P2143401,2381.7,127.9,127.1,,P2143402,7505.8,822.7,821.5,,0,yes,W/L in order,Double check diameter with photo: P2143400 -> Checked. Original measurements are reasonable.,"The leaf length and width measurement order is different form the photo, but the pairs are correct.",,
PALSUB5_2409222,Pallarenda_subtidal,-19.21127999,146.780249,5,24/09/2022,Halophila spinulosa,HS,P2143419,2,P2143420,42.09,,14.85,,,,,,,,,,,,,,,,,,P2143421,15.41,,17.07,,20.57,,17.36,,19.43,,13.36,,18.57,,18.51,,15.53,,10.14,,3.67,3.92,4.04,3.54,4.15,3.88,4.15,3.84,4.06,3.63,P2143420,33.38,44.13,,,,,,,,,,,0.96,0.79,,,,,,,,,46.36,,,,,,,,,,P2143422,202.6,7.1,7.1,,P2143423,113.2,10.3,9.8,,0,yes,W/L in order,Leaf measurement are actually leaflet,,,
PALSUB5_2409222,Pallarenda_subtidal,-19.21127999,146.780249,5,24/09/2022,Halophila ovalis,HO,P2143424,2,P2143425,18.22,,10.04,,,,,,,,,,,,,,,,,,P2143425,13.71,,9.91,,,,,,,,,,,,,,,,,,7.01,6.42,,,,,,,,,P2143425,10.42,19.88,24.42,18.05,11.63,,,,,,,,0.55,0.57,0.62,0.53,0.59,,,,,,24.62,23.7,24.44,,,,,,,,P2143426,38.5,3.3,3.4,,P2143427,89,4.2,4.4,,0,yes,W/L in order,"Double check rhizome diameter with P2143425 -> Checked, original measurements are reasonable.",,,
PALSUB6_2409222,Pallarenda_subtidal,-19.21134202,146.780256,6,24/09/2022,Holudule uninervis wide,HUW,P2143388,36,P2143390,106.12,,105.98,,100.9,,89.14,,73.87,,77.37,,82.95,,60.8,C,32.06,,68.74,C,P2143392,99.87,,106.89,,44.42,,87.12,,64.74,,98.76,,76.63,,76.87,,80.39,,30.66,,3.66,3.6,3.49,4.13,3.21,3.99,3.52,3.43,3.21,3.12,P2143390,42.6,58.44,33.15,47.4,32.29,33.98,18.66,,50.42,24.44,59.01,,1.03,0.7,1.07,1.11,1.23,0.89,1.08,1.02,1.06,1.32,5.26,6.7,9.42,6.34,7.06,5.39,9.1,4.37,4.22,4.91,P2143398,4127,274.1,271.7,,P2143399,6275,632.9,634.1,,0,yes,W/L in order,,,,
PALSUB6_2409222,Pallarenda_subtidal,-19.21134202,146.780256,6,24/09/2022,Holudule uninervis narrow,HUN,P2143403,9,P2143405,24.66,C,21.45,C,19.85,C,45.25,,106.69,,90.61,,76.16,P,76.32,P,,,,,P2143406,87.6,,19.64,,31.96,,34.13,,24.31,,46.49,,90.89,,66.26,P,75.97,P,62.23,P,0.9,0.71,0.79,0.66,0.61,0.9,0.76,1.31,1.24,1.2,P2143405,21.1,23.53,16.64,35.65,21.28,24.23,11.85,,54.15,52.3,41.03,,0.68,0.65,0.65,,,,,,,,6.57,13.61,11.72,,,,,,,,P2143407,240.7,16.3,16.2,,P2143408,343.2,35.1,35.7,,0,yes,W/L in order,"2 shoots might be HUW, see P2143405 at right",In leaf photo (P2143406) the potential HUW are on the right (3 leaves),,
PALSUB6_2409222,Pallarenda_subtidal,-19.21134202,146.780256,6,24/09/2022,Halophila spinulosa,HS,P2143410,2,P2143409,39.47,,40.25,,,,,,,,,,,,,,,,,,P2143411,14.45,,13.12,,13.87,,14.46,,13.97,,15.2,,14.93,,13.36,,15.66,,14.96,,2.95,2.85,2.95,3.37,3.16,3.04,3.69,3.25,3.14,3.23,P2143409,22.24,48.76,,,,,,,,,,,0.84,0.7,0.87,,,,,,,,44.7,32.51,,,,,,,,,P2143412,409.1,19.8,19.6,,P2143413,120.5,10.2,10,,0,yes,W/L in order,Leaf measurement are actually leaflet,,,
PIC1_100922,Picnic_bay,-19.18040399,146.838669,1,10/09/2022,Holudule uninervis wide,HUW,P2113270,17,P2113271,63.08,C,73.49,C,54.75,C,55.14,C,56.15,C,65.18,C,68.27,C,49.9,C,49.15,C,60.16,C,P2113272,48.25,,59.63,,69.92,,44.97,,71.59,,34.75,,69.34,,37.39,,47.87,,57.62,,2.97,2.88,3.18,3.22,3.06,3.2,2.87,3.56,2.7,3.29,P2113271,50.15,15.74,37.3,84.95,50.88,23.45,34.15,,22.32,50.94,45.75,,1.26,1.1,1.24,0.86,0.9,0.81,0.89,0.88,1.16,0.95,29.69,21.76,15.19,25.17,17.6,10.68,16.33,19.22,19.68,,P2113273,3879.6,274.6,274.7,,P2113274,3112.6,265,265.3,,0,yes,W/L in order,,,,
PIC1_100922,Picnic_bay,-19.18040399,146.838669,1,10/09/2022,Cymodocea serrulata,CS,P2113275,4,P2113276,72.55,,85.24,,87.08,C,,,,,,,,,,,,,,,P2113277,54.52,,55.78,C,82.94,,79.33,,86.73,C,58.17,,72.43,,78.08,C,68.52,,97.85,,6.57,6.18,6.01,6.2,6.56,6.34,6.14,5.78,6.76,6.87,P2113276,65.88,20.31,35.19,23.02,24.54,,,,,,,,2.39,1.29,2.46,,,,,,,,,,,,,,,,,,P2113279,4914.4,416.5,407.4,,P2113280,1093.6,88.9,90.8,,0,yes,W/L in order,No clear node for measurment. See P2113278,First sample of CS. Belowground part might not be collected completely due to deep rhizome.,,
PIC1_100922,Picnic_bay,-19.18040399,146.838669,1,10/09/2022,Halophila ovalis,HO,P2113281,29,P2113285,31.22,,28.67,,30.24,,40.41,,35.53,,39.64,,29.75,,41.87,,14.24,,36.09,,P2113285,19.64,,17.08,,20.71,,16.63,,15.15,,16.17,,20.26,,18.68,,22.61,,18.54,,8.18,8,8.67,9.04,6.84,6.5,9.05,8.62,10.07,8.67,P2113285,28.07,16.64,18.42,9.1,19.42,14.08,26.11,,38.49,23.62,24.93,,0.81,1.11,0.97,1.02,1.25,0.7,0.66,0.58,0.48,0.75,16.45,15.97,9.68,17.25,15.2,37.86,23.97,27.24,14.85,10.9,P2113286,4376.5,244.9,248.4,,P2113287,3896.4,176.6,175.6,,10,yes,W/L in order,"Could actually be 10 to 15 seed/flower. Some are hard to identify. See P2113283, P2113284",,,
PIC2_100922,Picnic_bay,-19.18038203,146.838765,2,10/09/2022,Holudule uninervis wide,HUW,P2123325,48,P2123326,48.69,,41.77,C,39.43,,62.67,,39.33,,28.57,,35.38,,44.12,,47.47,C,39.18,,P2123327,64.52,,35.88,,25.12,,27.78,,46.99,,32.42,,39.49,,40.73,,61.18,,49.83,,2.87,2.8,2.78,3.06,2.38,2.5,2.16,2.84,2.8,2.63,P2123326,37.18,43.84,30.32,17.8,50.29,37.85,22.27,,34.74,35.26,21.47,,1.18,0.95,0.79,0.86,0.74,0.79,1.13,1.17,0.92,0.96,14.55,16.16,9.83,18.31,16.44,13.21,14.34,13.96,9.83,11.89,P2123330,4151.2,257,255.7,,P2123331,12329.6,1189.4,1188.6,,1,yes,W/L in order,"Fruit/seed photo: P2123328, P2123329 ",,,
PIC2_100922,Picnic_bay,-19.18038203,146.838765,2,10/09/2022,Halophila ovalis,HO,P2123332,19,P2123333,19.08,,17.22,,17.02,,20.39,,21.23,,24.39,,21.23,,22.71,,18.73,,17.63,,P2123333,11.28,,12.7,,13.65,,13.4,,17.52,,13.84,,14.79,,13.34,,12.26,,10.39,,6.26,6.25,7.19,6.48,8.89,7.75,6.74,6.25,5.66,5.59,P2123333,34.49,25.99,21.09,16.56,17.79,40.48,28.86,,14.28,22.02,19.27,,0.88,0.71,0.83,1.03,1.15,0.84,0.95,1.04,0.77,0.89,31.55,13.62,29.67,19.57,14.46,19.76,6.68,10.08,20.1,30.47,P2123334,1006.4,50.9,50.6,,P2123335,2867.5,123.8,122.2,,0,yes,W/L in order,,,,
PIC2_100922,Picnic_bay,-19.18038203,146.838765,2,10/09/2022,Thalassia hemprichii,TH,P2123336,7,P2123337,67.43,,63.14,,64.86,,,,,,,,,,,,,,,,P2123338,58.67,,62.65,,40.47,,65.78,,68.16,,44.57,,53.71,B,47.47,B,66.35,,64.47,,6.29,6.18,6.24,5.67,6.07,5.83,5.21,4.87,5.13,5.96,P2123337,16.37,17.48,14.64,14.04,16.58,,,,,,,,2.71,3,,,,,,,,,19.56,,,,,,,,,,P2123339,6748.1,366.1,362.7,,P2123340,3407.4,357..8,351.8,,0,yes,W/L in order,Belowground part might not be clooected completely due to deep rhizome and first unexperience sample,Only 3 shoots have leaves,,
PIC4_100922,Picnic_bay,-19.18040098,146.838779,4,10/09/2022,Halophila ovalis,HO,P2133341,11,P2133342,19.14,,29.69,,18.06,,15.88,,14.59,,23.43,,22.32,,27.48,,20.58,,13.2,,P2133342,14.84,,12.6,,13.65,,10.36,,14.77,,11.01,,13.36,,15.8,,14.32,,12.62,,6.3,5.4,7.84,5.33,6.42,5.17,5.85,7.28,6.92,8.18,P2133342,33.29,33.11,40.7,25.12,17.75,34.04,18,,19.33,37.42,24.84,,0.79,0.96,0.74,0.66,0.98,0.61,0.9,0.95,0.76,1.09,29.07,13.4,12.06,18.63,27.43,13.32,10.34,24.3,11.7,14.73,P2133343,738.7,41.5,42.8,,P2133344,1845.3,115.4,119.1,,2,yes,W/L in order,,,,
PIC4_100922,Picnic_bay,-19.18040098,146.838779,4,10/09/2022,Holudule uninervis wide,HUW,P2133345,66,P2133346,47.86,C,52.76,C,52.89,C,35.04,,49.53,,36.5,C,53.81,,34.16,,54.75,,53.32,,P2133348,38.36,,20.78,,57.97,,55.9,,36.83,,14.34,,53.29,,32.69,,49.02,,13.23,,2.53,2.88,3.17,1.88,2.09,2.19,2.21,2.56,2.04,1.97,P2133346,66.87,76,30.66,41.76,13.01,34.28,43.78,,24.22,69.27,25.12,,0.74,1.59,1.09,0.88,1.11,1.37,0.92,1.18,1.2,0.93,17.6,16.34,6.54,14.6,10.26,24.29,13.47,13.69,14.48,8.17,P2133349,8474.2,525.9,531.1,,P2133350,30952.8,2548.3,2554.7,,8,yes,W/L in order,,,,
PIC4_100922,Picnic_bay,-19.18040098,146.838779,4,10/09/2022,Thalassia hemprichii,TH,P2133351,4,P2133352,92.83,,86.04,C,91.5,C,85.39,C,,,,,,,,,,,,,P2133353,89.88,C,87.64,,52.45,,66.79,,85.21,C,82.67,C,66.77,C,78.63,C,67.23,C,66.69,,6.41,6.82,6.82,6.7,6.62,6.65,6.59,6.66,6.83,6.86,P2133352,40.54,28.96,14.75,15.2,13.46,7.63,18.86,,10.14,37.29,17.66,,2.78,2.06,2.65,,,,,,,,,,,,,,,,,,P2133355,9778.2,462.6,467.1,,P2133356,5494.4,509.9,514.5,,0,yes,W/L in order,Belowground part might not be clooected completely due to deep rhizome and first unexperience sample,No clear node can be measure for internode distance,,
PIC8_240123,Picnic_bay,-19.17996897,146.838989,8,24/01/2023,Holudule uninervis wide,HUW,P2143372,76,P2143373,102.51,,47.5,,46.55,,49.57,,39.85,,54.76,,56.97,,51.38,,66.42,,52.18,,P2143374,41.94,,19.19,,31.87,,34.55,,63.82,,102.18,,53.98,,56.67,,24.41,,54.97,,2.75,2.18,2.38,2.68,1.33,1.42,2.64,2.71,2.62,2.75,P2143373,29.04,40.41,12.3,32.83,65.61,65.46,21.75,,15.13,20.51,12.12,,0.94,0.69,1.05,1.09,0.73,1.08,1.14,0.96,0.88,0.76,9.85,7.01,7.59,10.43,12.64,11.85,15.16,12.94,13.49,14.1,P2143375,7646,419.9,417.4,,P2143376,9683.5,1025.9,1020.9,,0,yes,W/L in order,,,,
PIC8_240123,Picnic_bay,-19.17996897,146.838989,8,24/01/2023,Cymodocea serrulata,CS,P2143377,4,P2143378,52.05,,56.76,,25.81,C,24.35,C,,,,,,,,,,,,,P2143379,33.69,,57.08,,20.72,C,53.01,,24.07,C,25.54,C,24.19,C,25.1,C,,,,,5.78,5.93,6.13,5.92,4.67,4.59,6.58,5.92,,,P2143378,13.44,32.06,39.74,19.82,19.19,30.6,30.49,,22.48,24.2,20.96,,2.11,1.49,1.78,2.04,1.99,2.24,1.66,1.95,2.13,2.31,23.21,25.1,27.05,15.32,39.04,17.3,16.4,18.44,23.35,15.31,P2143380,938.7,59.3,59.3,,P2143381,3329.4,392.4,391.3,,0,yes,W/L in order,,,,
PIC8_240123,Picnic_bay,-19.17996897,146.838989,8,24/01/2023,Halophila ovalis,HO,P2143382,3,P2143383,18.23,,22.28,,26.85,,,,,,,,,,,,,,,,P2143383,9.85,,12.51,,13.95,,15.21,,,,,,,,,,,,,,3.96,6.1,6.58,6.48,,,,,,,P2143383,19.06,8.67,5.43,,,,,,,,,,0.65,0.64,1.17,1.19,0.93,0.71,,,,,10.66,12.54,13.67,15.49,9.22,14.11,,,,,P2143384,119.2,7.9,7.8,,P2143385,148.8,7.6,7.5,,0,yes,W/L in order,,,,
PIC9_240123,Picnic_bay,-19.18059401,146.838818,9,24/01/2023,Thalassia hemprichii,TH,P2023011,13,P2023012,68.58,,48.84,,69.72,,49.04,,30.36,C,48.92,C,73.37,,55.03,,65.53,,51.29,,P2023013,55.05,,40.36,,31.05,,53.92,,75.31,,58.38,,33.49,,50.82,,66.92,,53.62,,6.01,6.2,3.24,2.78,6.28,6.46,6.05,5.2,4.86,2.81,P2023014,38.09,40.07,21.5,28.77,27.44,56.27,29.77,,23.65,21.72,32.67,,2.51,2.33,1.63,1.78,2.25,2.3,3.75,2.82,1.9,,46.42,27.2,28.19,36.76,,,,,,,P2023015,12953.4,719.5,721.8,,P2023016,7877.9,750.9,740,,0,yes,W/L in order,Some tiny shell/rock are in below ground part. They were removed before second weight measurement (7.0mg),,,
PIC9_240123,Picnic_bay,-19.18059401,146.838818,9,24/01/2023,Cymodocea serrulata,CS,P2023017,4,P2023018,67.21,,47.38,,84.6,C,39.92,,,,,,,,,,,,,,P2023019,68.52,,40.33,,38.38,,44.38,,37.11,C,41.78,C,,,,,,,,,5.55,5.68,3.7,6.02,6.53,6.17,,,,,P2023017,31.99,29.21,52.28,65.97,37.27,9.68,17.19,,19.67,23.05,59.78,,1.46,1.89,1.93,1.7,1.43,1.87,,,,,26.91,22.45,5.61,12.2,34.43,6.25,8.96,,,,P2023022,3832.4,83,81.9,,P2023023,4143.7,161.8,160.6,,0,yes,W/L in order,"Leaf tip photo for sp ID: P2023020, P2023021",Lots of branching roots,,
PIC9_240123,Picnic_bay,-19.18059401,146.838818,9,24/01/2023,Holudule uninervis wide,HUW,P2023024,21,P2023025,80.29,,68.87,,76.43,C,73.36,,47.33,,63.9,,49.74,,68.1,,35.84,C,45.36,,P2023026,51.06,,59.88,,32.85,,46.65,,56.73,,60.33,,26.5,,36.62,,46.75,,25.53,,2.52,2.5,2.55,2.3,2.78,2.61,2.64,2.3,2.6,2.2,P2023025,37.55,18.84,45.08,75.4,45.85,16.26,54.01,,37.27,21.91,57.07,,0.82,0.82,0.85,0.83,0.92,0.78,1.01,0.56,0.65,0.89,19.72,17.46,15.71,15.69,10.25,19.1,13.98,5.48,8.91,16.77,P2023027,2439.4,140.7,141.7,,P2023028,5043.8,437.4,437.9,,0,yes,W/L in order,,,,
PIC10_240123,Picnic_bay,-19.18049896,146.838667,10,24/01/2023,Cymodocea serrulata,CS,P2023030,9,P2023031,81.75,,67.51,C,47.35,C,52.49,C,30.98,,39.72,C,60.25,C,55.82,C,48.88,,,,P2023032,31.43,C,81.43,,34.49,,56.7,C,56.72,C,49.44,,21.68,,56.67,C,52.19,C,48.35,C,5.93,5.86,5.99,5.85,6.12,4.56,5.53,6.32,6.65,2.56,P2023031,103.87,34.15,80.08,58.37,56.88,46.23,18.9,,45.14,154.91,32.3,,2.02,1.73,2.02,2.17,1.44,1.33,1.54,2.02,,,11.92,8.41,11.27,16.27,27.77,19.28,32.46,,,,P2023033,2034.5,127.6,129.1,,P2023034,2728.3,278,277.3,,0,yes,W/L in order,Photo for all speices in the sample: P2023029,,,
PIC10_240123,Picnic_bay,-19.18049896,146.838667,10,24/01/2023,Holudule uninervis wide,HUW,P2023035,76,P2023036,67.19,,31.03,,55.77,,52.06,,39.44,,45.04,C,46.06,C,60.44,,22.29,C,28.45,C,P2023037,56.83,,34.31,,22.75,,53.27,,25.47,,43.07,,45.52,,51.01,,30.19,,44.72,,3.38,2.46,3.42,2.85,2.81,3.11,3.23,3.4,3.01,3.36,P2023036,106.96,43.29,65.33,36.74,46.49,74.21,40.39,,31.54,21.5,51.62,,0.94,0.83,0.84,0.76,0.85,0.84,0.96,0.72,0.89,0.99,15.21,8.84,9.31,6.5,12.52,7.08,5.17,3.16,9.65,5,P2023038,7671.2,435.7,434.7,,P2023039,36005.2,3605.5,3596.3,,0,yes,W/L in order,Below ground part tangled with shells. Mostly cleaned,,,
PIC10_240123,Picnic_bay,-19.18049896,146.838667,10,24/01/2023,Halophila ovalis,HO,P2023040,12,P2023041,29.17,,26.2,,31.19,,30.02,,26,,24.26,,14.92,,31.87,,26.44,C,9.37,,P2023041,16.91,,17.87,,18.58,,14.52,,14.77,,9.21,,9.89,,7.54,,,,,,6.9,9.69,9.6,5.82,6.96,3.94,6.43,5.19,,,P2023041,13.57,16.95,21.73,12.55,19.42,16.14,11.08,,14.86,16.58,14.71,,0.59,0.71,0.71,0.99,1.25,1.1,0.82,1.05,0.94,0.99,15.89,16,22.16,13.21,18.21,16.14,11.48,11.5,13.68,,P2023042,487.3,29.7,29.4,,P2023043,866.1,48.7,47.9,,0,yes,W/L in order,Tiny rokcs stick on the roots. It seems that HO roots secret some special mocus to stick in the sediment,,,
PIC10_240123,Picnic_bay,-19.18049896,146.838667,10,24/01/2023,Thalassia hemprichii,TH,P2023044,6,P2023045,92.33,,68.77,C,44.34,C,30.57,,66.55,C,,,,,,,,,,,P2023046,64.83,B,56.03,B,73.45,C,57.44,C,90.33,,19.49,C,37.39,C,66.54,,,,,,5.95,5.97,5.89,6.28,5.2,2.56,6.22,6.32,,,P2023045,19.78,29.19,25.58,64.36,11.18,37.43,14.58,,14.98,20.4,56.73,,3.09,2.35,3.37,2.88,,,,,,,20,20.52,10.43,,,,,,,,P2023047,7297.3,311.1,311.2,,P2023048,8347.8,554.2,552.5,,0,yes,W/L in order,,,,
PIC11_240123,Picnic_bay,-19.18029604,146.838567,11,24/01/2023,Holudule uninervis narrow,HUN,P2023049,139,P2023050,66.6,,65.54,,61.02,,43.27,,64.38,,39.51,,79.84,,34.43,,62.68,,67.09,,P2023051,65.84,,63.31,,29.56,,42.35,,61.62,,36.25,,14.03,,17.52,,63.72,,23.45,,1.02,0.98,1.05,0.93,1,0.93,1.05,1.08,1.01,0.78,P2023050,36.75,22.05,9.24,76.7,109.06,56.44,35.65,,41.91,26.02,40.19,,0.79,0.78,0.52,0.52,0.61,0.39,0.48,0.35,0.84,0.7,17.83,16.18,8.25,9.68,8.91,8.95,7.14,12.14,13.29,10.86,P2023052,3884.9,265.4,267.8,,P2023053,6742,637.8,638.7,,0,yes,W/L in order,Labels in the photo are wrong (PAL11). The labels in dry samples were corrected.,,,
GEO1_061122,Geoffery_bay,-19.15257398,146.865128,1,6/11/2022,Holudule uninervis narrow,HUN,P2033054,76,P2033055,30.66,,54.36,,30.45,,42.31,,58.39,,54.64,,76.98,,58.09,,58.45,,40.46,,P2033056,48.22,,18.56,,24.8,,79.79,,37.46,,30.48,,29.3,,58.71,,53.07,,30.93,,0.59,0.54,0.66,0.39,0.59,0.33,0.34,0.36,0.38,0.39,P2033055,26.01,27.42,62.8,49.42,46.51,51.92,87.74,,23.06,51.02,24.61,,0.72,0.53,0.68,0.88,0.74,0.64,0.6,0.75,0.42,0.5,20.1,7.42,14.61,16.34,14.12,29.43,20.18,12.28,11.71,19.92,P2033057,1243.5,39.3,39.1,,P2033058,3341.4,183.6,184.1,,0,yes,W/L in order,,,,
GEO2_061122,Geoffery_bay,-19.15255596,146.865348,2,6/11/2022,Holudule uninervis narrow,HUN,P2033059,228,P2033060,62.77,,60.29,,60.96,,52.39,,37.62,,27.77,,37.57,,46.99,,49.13,,61.27,,P2033061,15.75,,43.99,,37.53,,30.71,,63.76,,33.81,,26.78,,29.33,,26.27,,48.44,,0.48,0.29,0.19,0.31,0.31,0.5,0.4,0.58,0.26,0.5,P2033060,56.23,40.51,19.97,42.16,39.48,67.78,73.98,,13.98,54.46,28.89,,0.93,0.63,0.7,0.53,0.58,0.39,0.46,0.31,0.32,0.31,19.68,8.66,13.01,16.63,11.47,5.67,5.18,17.2,13.95,4.47,P2033062,4219.8,147.1,146.5,,P2033063,20991.6,1333,1334.3,,0,yes,W/L in order,,,,
GEO2_061122,Geoffery_bay,-19.15255596,146.865348,2,6/11/2022,Halophila ovalis,HO,P2033064,5,P2033065,8.71,,12.31,,22.93,,24.39,,31.33,,,,,,,,,,,,P2033065,10.64,,10.86,,10.13,,10.84,,10.95,,11.2,,10.43,,6.98,,10.06,,9.49,,4.86,6.5,6.21,6.31,6.44,6.4,6.72,4.25,6.61,5.61,P2033065,43.79,63.22,52.29,37.64,28.44,,,,,,,,0.95,1.06,0.76,0.86,,,,,,,15.6,22.9,25.56,20.28,,,,,,,P2033066,176.8,8.7,8.6,,P2033067,164.4,12.8,12.5,,0,yes,W/L in order,,,,
GEO3_061122,Geoffery_bay,-19.15246099,146.865199,3,6/11/2022,Holudule uninervis narrow,HUN,P2033068,210,P2033069,86.24,,101.02,,38.36,,49.57,,16.71,,25.54,,17.1,,27.49,,19.84,,28.31,,P2033071,66.78,,35.15,,33.62,,26.05,,97.04,,39.68,,28.24,,25.07,,17.06,,33.02,,0.33,0.33,0.3,0.33,0.33,0.41,0.23,0.28,0.25,0.31,P2033069,52.38,111.12,31.43,45.79,42.25,38.59,38.61,,28.38,24.18,39.5,,0.7,0.72,0.4,0.61,0.39,0.35,0.51,0.67,0.38,0.36,10.52,8.76,11,11.43,9.98,5.83,17.26,15.47,10.26,10.91,P2033072,2260.8,55.8,55.4,,P2033073,8651.1,526.8,526.7,,0,yes,W/L in order,Width measured on ImageJ -> Measured,,,
COC1_100922,Cockle_bay,-19.174854,146.826966,1,10/09/2022,Holudule uninervis wide,HUW,P2043074,5,P2043075,54.93,,54.15,,37.17,,46.44,,,,,,,,,,,,,,P2043076,48.71,,52.97,,25.41,,35.53,,45.44,,26.32,C,19.21,,,,,,,,2.71,2.7,2.67,2.13,2.74,2.73,2.41,,,,P2043075,32.61,24.23,16.3,18.3,30.54,44.57,32.84,,18.97,31.3,38.19,,1.27,1.02,1.31,1.28,1.04,1.1,1.1,,,,28.97,32.64,11.17,21.66,27.62,,,,,,P2043077,312.1,21.3,21.4,,P2043078,609.1,64.8,64.1,,0,yes,W/L in order,,,,
COC1_100922,Cockle_bay,-19.174854,146.826966,1,10/09/2022,Halophila ovalis,HO,P2043079,34,P2043081,12.68,,9.27,,12.31,,15.26,,13.28,,13.7,,13.76,,15.83,,11.66,,8.77,,P2043081,7.35,,8.41,,8.66,,8.32,,9.27,,7.74,,8.18,,8.85,,4.65,,7.6,,5.71,6.31,5.28,6.27,5.74,6.09,6.16,6.44,3.64,6.15,P2043081,25.71,35.32,25.07,32.11,33.73,12.79,29.36,,13.27,39,13.61,,0.69,0.6,0.66,0.52,0.91,0.77,0.54,0.83,0.62,0.79,24.3,27.31,28.92,25.9,23.39,31.71,21.63,14.44,8.57,8.45,P2043082,530.2,28,28.1,,P2043083,646.3,30.7,30.2,,0,yes,W/L in order,,,,
COC2_100922,Cockle_bay,-19.17496498,146.827158,2,10/09/2022,Cymodocea serrulata,CS,P2043084,3,P2043085,65.33,,53.28,,49.13,,,,,,,,,,,,,,,,P2043086,42.14,,19,,45.98,,25.92,,51.98,,45.22,,68.31,,15.43,,,,,,5.96,5.86,6.2,5.93,6.49,5.66,6.29,5.42,,,P2043085,13.16,25.71,53.76,66.6,38.51,44.2,43.16,,26.54,39.38,,,2.15,1.83,1.84,1.43,,,,,,,16.16,29.25,21.28,10.87,,,,,,,P2043087,533.7,61.6,61.8,,P2043088,671.4,63.4,62.6,,0,yes,W/L in order,,,,
COC2_100922,Cockle_bay,-19.17496498,146.827158,2,10/09/2022,Holudule uninervis wide,HUW,P2043090,20,P2043092,42.64,,19.68,,48.63,,37.52,,29.69,,42.61,,50.21,,59.69,,33.51,,38.48,,P2043093,34.83,,28.17,,19.62,,28.32,,34.18,,19.8,,41.24,,32.12,,13.49,,45.25,,2.76,2.94,2.64,2.61,2.51,1.74,2.64,2.28,2.23,2.82,P2043092,10.61,60.03,38.24,22.46,29.91,22.02,34.06,,38.58,23.06,24.31,,1.48,1.58,1.4,1.51,1.11,1.06,1.12,0.8,0.57,0.93,7.72,16.45,15.88,14.7,8.3,26.3,12.43,21.79,8.74,23.86,P2043094,1243,89.2,88.4,,P2043095,3021.9,258.4,255.6,,0,yes,W/L in order,,,,
COC4_100922,Cockle_bay,-19.17522599,146.827357,4,10/09/2022,Holudule uninervis wide,HUW,P2043096,26,P2043097,61.74,,29.73,,50.13,,38.25,,25.23,,25.1,,26.43,,28.23,,48.81,,35.54,,P2043098,20.09,,25.32,,21.93,,26.8,,37.71,,29.68,,53.26,,40.42,,24.53,,27.92,,2.64,2.75,2.33,2.63,2.67,2.81,2.6,2.98,2.22,2.44,P2043097,8.56,28.89,41.42,42.6,31.91,22.68,15.15,,53.52,27.6,9.46,,1,0.94,1.01,1.04,1.08,0.69,1.08,1.27,0.81,1.01,15.75,18.22,16.44,24.38,11.21,17.88,31.47,24.74,12.32,11.18,P2043099,1614.5,107.8,107.2,,P2043100,2814.3,266.8,265,,0,yes,W/L in order,Skip COC3 because only CS and HO in sample,,,
ZC1_081022,Cape_cleveland,-19.23215797,147.004703,1,8/10/2022,Zostera muelleri subsp. Capricorni,ZC,P2053101,27,P2053102,146.88,,114.25,C,115.47,,117.52,,78.21,,87.18,,59.86,,79.96,C,114.08,C,159.8,L,P2053103,85.69,,56.5,,120.13,,50.84,,135.25,,196,L,145.02,C,122.18,C,112.05,,149.68,,1.85,1.81,2.72,3.28,3.47,3.32,3.22,2.38,2.94,3.44,P2053104,142.88,45.42,51.83,95.41,39.33,26.3,16.56,,140.78,71.04,185.8,L,1.86,1.66,1.36,1.12,1.32,1.5,1.58,1.52,1.23,1.57,23.79,39.5,14.83,19.99,7.61,21.66,20.46,26.86,18.63,25.24,P2053105,11385.7,775.7,779.2,,P2053106,4743.5,358.6,362.5,,2,yes,W/L in order,,,,
ZC1_081022,Cape_cleveland,-19.23215797,147.004703,1,8/10/2022,Cymodocea serrulata,CS,P2053107,4,P2053108,58.91,,147.66,,109.03,C,133.97,C,,,,,,,,,,,,,P2053109,49.07,,47.83,,124.7,C,109.88,C,94.77,C,114.83,C,150.71,,51.62,,55.69,,,,6.25,6.75,7.14,6.82,6.92,6.86,6.5,4.39,6.39,,P2053111,37.49,60.01,153.08,43.25,61.18,55.06,191,L,,,,,2.2,2.64,2.14,2.42,,,,,,,35.52,52.71,47.93,,,,,,,,P2053112,2434.1,158.7,158.9,,P2053113,1747.7,122.8,121.1,,0,yes,W/L in order,Many branching roots,,,
ZC1_081022,Cape_cleveland,-19.23215797,147.004703,1,8/10/2022,Cymodocea serrulata drop leave,CSDL,,,,,,,,,,,,,,,,,,,,,,,,,,,,,,,,,,,,,,,,,,,,,,,,,,,,,,,,,,,,,,,,,,,,,,,,,,,,,,,,,,,,,,,,P2053114,976.8,74.2,74,,,,,,,,,"Photo store in ""ZC1_08102022_CS""","Droping leaves, looks old. Might br from the sediment. Weighted seperately.",,,
ZC2_081022,Cape_cleveland,-19.23215797,147.004703,2,8/10/2022,Zostera muelleri subsp. Capricorni,ZC,P2053116,37,P2053117,152.56,C,41.49,,43.78,,58.41,C,146.07,,125.98,,150.69,C,152.33,C,135.53,C,210,"C, L",P2053118,105.21,,38.79,,30.56,,19.08,,71.62,F,77.91,F,153.78,,139.29,,189.5,L,76.54,,3.23,1.64,1.75,1.69,2.59,3.01,3.36,3.02,4.24,3.54,P2053119,110.29,25.95,21.45,75.33,41.68,51.05,49.74,,25.17,22.56,33.49,,1,1.44,0.7,0.81,1.03,1.22,1.46,1.66,,,24.75,13,8.93,29.51,24.41,29.69,26.33,20.81,,,P2053122,24973.8,1408.7,1403.4,,P2053123,27144.3,1506.5,1502.6,,10,yes,W/L in order,Lots of dead plant parts. Photo: P2053115 left tray,"Typical rhizomes are rare compared with number of shoots in the sample (photo: P2053120, P2053121). Many single shoots with flower/seed. Maybe a reporductive strategy?",,
ZC3_081022,Cape_cleveland,-19.23215797,147.004703,3,8/10/2022,Holudule uninervis narrow,HUN,P2053124,3,P2053125,138,C,88.89,C,28.56,,,,,,,,,,,,,,,,P2053128,111.77,C,80.93,C,51.22,C,28.93,,28.05,,,,,,,,,,,,0.89,0.95,0.84,0.78,0.79,,,,,,P2053125,34.08,71.14,67.89,16.68,44.61,24.18,57.11,,21.42,39.86,24.31,,1.02,1.01,1.1,,,,,,,,28.87,23.89,,,,,,,,,P2053129,82.2,7.6,7.4,,P2053130,171.1,17.8,17.7,,0,yes,W/L in order,Only one rhizome. Photo for species ID: P2053126,,,
ZC3_081022,Cape_cleveland,-19.23215797,147.004703,3,8/10/2022,Zostera muelleri subsp. Capricorni,ZC,P2053132,19,P2053133,102.68,C,104.75,C,134.41,,72.88,C,105.78,C,100.57,C,123.7,C,224.2,"C, L",186,L,161,"C, L",P2053134,161.5,L,223,"C, L",133.9,,117.02,C,67.49,,66.48,C,164.2,"C, L",112.01,,182,L,80.78,,3.06,3.02,2.92,3.03,2.54,2.65,2.13,2.42,2.94,3.72,P2053135,120.1,102.51,53.79,19.3,41.83,45.24,83.21,,50.9,34.67,47.03,,1.56,1.7,0.98,1.6,1.95,1.72,1.59,1.8,1.76,1.86,9.29,11.3,19.47,14.88,19.4,22.15,13.29,15.18,24.45,20.39,P2053136,12949.6,765.5,758.8,,P2053137,15567.8,926.6,924.1,,2,yes,W/L in order,,,,
ZC3_081022,Cape_cleveland,-19.23215797,147.004703,3,8/10/2022,Cymodocea serrulata,CS,P2053138,5,P2053139,45.23,C,33.26,C,41.8,C,109.36,C,23.54,,,,,,,,,,,,P2053140,36.46,C,45.9,,107.68,C,27.07,,38.96,C,23.26,,33.96,,47.26,,,,,,5.56,4.86,5.17,4.84,5.3,3.14,3.54,4.52,,,P2053141,63.82,112.26,142.94,73.08,93.48,111.5,138.45,,30.66,36.59,195,L,1.8,1.91,1.83,1.9,1.62,1.89,2.22,2.4,2.13,1.6,50.04,47.97,18.69,12.06,54.49,27.41,47.94,52.11,34.21,48.2,P2053142,1002.4,59.2,59.4,,P2053143,5551.2,523.9,522.9,,0,yes,W/L in order,,,,
ZC3_081022,Cape_cleveland,-19.23215797,147.004703,3,8/10/2022,Halophila ovalis,HO,P2053144,7,P2053145,25.73,,12.12,,15.07,C,19.14,,20.73,,9.52,,20.43,,,,,,,,P2053145,11.27,,9.35,,9.12,,9.75,,11.17,,8.9,,9.58,,11.07,,,,,,4.32,3.95,4.06,4.44,4.77,4.09,4.07,3.61,,,P2053145,15.89,40.58,30.16,10.53,25.21,10.56,,,,,,,0.47,0.34,0.49,0.5,0.28,0.2,,,,,15.93,20.11,16.16,17.1,9.55,12.62,,,,,P2053146,117.2,4.5,4.7,,P2053147,89.2,2.9,3.2,,0,yes,W/L in order,,,,
CV1_081022,Clairview,-22.121111,149.539444,1,8/10/2022,Holudule uninervis narrow,HUN,P2063148,34,P2063149,84.56,,90.7,,123.55,,52.64,,83.61,,123.89,,63.73,,83.75,,86.86,,78.8,,P2063150,42.96,,71.55,,32.32,,29.3,,73.4,,73.85,,38.93,,95.15,,70.41,,98.71,,1.15,0.84,0.8,0.87,0.96,0.91,0.74,0.83,0.8,0.9,P2063149,54.92,42.31,50.61,43.37,13.46,53.27,17.43,,61.32,87.13,45.07,,1.06,1.07,0.95,0.78,0.73,0.78,0.6,0.83,0.8,0.96,23.18,21.97,12.33,14.98,12.85,15.18,23.19,18.22,23.76,17.82,P2063151,2959.1,160.6,159.8,,P2063152,3781.9,128.3,127.3,,0,yes,W/L in order,One leaf of HO was in sample,,,
CV2_081022,Clairview,-22.121111,149.539444,2,8/10/2022,Holudule uninervis narrow,HUN,P2063153,60,P2063154,61.33,,35.09,,43.31,,84.07,,42.24,,57.68,,60.07,,75.8,,99.53,,81.88,,P2063155,59.64,,40.15,,22.42,,40.14,,84.04,,58.5,,54.75,,60.72,,65.72,,61.33,,0.86,0.58,0.67,0.61,0.89,0.63,0.66,0.72,0.62,0.66,P2063154,59.53,31.8,78.28,31.82,39.08,32.06,74.8,,26.65,29.74,47.14,,0.85,0.87,0.8,0.72,0.58,1,0.83,0.96,0.89,0.73,19.63,13.69,9.62,12.3,8.06,24.91,16.99,15.44,24.51,9.11,NA,2600.2,133,132.3,,NA,2768.7,109.6,109.7,,0,yes,W/L in order,Forgot to take biomass photo,,,
CV3_081022,Clairview,-22.121111,149.539444,3,8/10/2022,Holudule uninervis narrow,HUN,P2063156,31,P2063158,80.66,,86.15,,43.77,,108.64,,56.1,,85.18,,59.78,,58.04,,45.49,,35.95,,P2063159,29.3,,82.46,,55.47,,52.4,,58.47,,108.62,,43.85,,81.62,,46.12,,64.66,,0.91,0.97,1.02,0.71,0.82,0.74,0.84,0.86,0.72,0.86,P2063158,66.87,44.33,23.25,44.43,56.54,35.39,5.88,,71.13,46.96,36.8,,1.25,0.98,0.73,0.81,0.84,0.8,0.79,0.97,0.84,0.59,19,16.6,19.13,26.48,19.02,9.85,23.3,23.72,9.85,14.344,P2073170,1781.5,83.5,84.1,,P2073172,1709.7,68.2,67.4,,0,yes,W/L in order,,,,
WP1_27102022,Weipa,-12.65558,141.824269,1,27/10/2022,Holudule uninervis narrow,HUN,P2073162,99,P2073163,75.46,,34.46,,73.87,,76.14,,102.68,,89.24,,52.18,,64.82,,94.96,,86.09,,P2073164,36.49,,39.26,,79,,47.05,,69.39,,43.44,,27.79,,60.61,,54.51,,92.51,,0.41,0.47,0.46,0.51,0.42,0.41,0.46,0.45,0.44,0.42,P2073163,27.18,16.78,25.67,13.68,79.99,59.75,24.97,,35.57,13.25,45.87,,0.72,0.52,0.74,0.57,0.53,0.65,0.63,0.49,0.4,0.46,6.74,11.58,6.18,5.15,16.82,16.72,11.76,16.63,13.73,18.69,P2073165,3558.8,166.6,167.6,,P2073166,7848.8,584.8,581.6,,0,yes,W/L in order,Dry weipa samples are quite green compared with samples from other locations,Leaf width checked by ImageJ -> reasonable,,
WP2_27102022,Weipa,-12.65558,141.824269,2,27/10/2022,Holudule uninervis narrow,HUN,P2073167,148,P2073168,40.67,,59.69,,82.37,,125.04,,120.22,,117.79,,79.76,,94.52,,75.56,,86.26,,P2073169,42.26,,15.36,,38.37,,79.62,,66.57,,83.17,,40.03,,91.36,,58.78,,49.45,,0.41,0.4,0.53,0.38,0.46,0.44,0.5,0.45,0.41,0.42,P2073168,39.59,44.21,57.8,24.28,50.05,34.96,17.35,,47.21,21.65,17.99,,0.69,0.7,0.51,0.62,0.46,0.47,0.51,0.4,0.51,0.52,20.48,11.41,13.57,9.77,11.25,12.87,9.15,11.24,16.73,9.56,P2073170,5678.1,275.8,272.4,,P2073172,8938.8,601.6,595.3,,0,yes,W/L in order,"Double check the leaf width on computer -> Checked, oringinal measurements are reasonable",,,
WP3_27102022,Weipa,-12.65558,141.824269,3,27/10/2022,Holudule uninervis narrow,HUN,P2073173,128,P2073174,83.34,,105.43,,70.36,,44.88,,40.7,,134.67,,145.78,,117.03,,82.23,,186.2,L,P2073175,127.9,,135.82,,103.84,,16.61,,33.21,,33.95,,104.79,,82.42,,69.46,,45.41,,0.52,0.51,0.5,0.46,0.41,0.52,0.41,0.44,0.41,0.44,P2073174,33.64,46.29,23.3,16.51,52.79,60.2,12.7,,18.25,42.28,11.9,,0.78,0.71,0.87,0.48,0.58,0.54,0.66,0.65,0.51,0.51,11.71,14.62,18.52,5.58,12.05,16.91,10.02,9.13,11.99,7.77,P2073176,5267.6,281.5,278.6,,P2073177,6173.2,405.9,403.1,,0,yes,W/L in order,"Double check the leaf width on computer -> Checked, oringinal measurements are reasonable",,,
GLD1_11102022,Gladstone,-23.867066,151.322,1,11/10/2022,Holudule uninervis narrow,HUN,P2083178,9,P2083179,128.64,,181.88,,69.54,,90.97,,31.48,,66.19,,29.6,,36.41,,,,,,P2083180,137.57,,57.88,,17.51,,40.25,,88.22,,67.93,,,,,,,,,,0.45,0.5,0.52,0.48,0.41,0.43,,,,,P2083179,79.51,53.88,41.27,69.48,67.84,69.18,64.08,,73.94,131.78,80.04,,0.97,0.94,0.96,0.95,0.69,0.99,0.8,0.9,0.96,0.94,25.4,18.9,14.98,15.2,20.32,26.17,,,,,P2083181,304.6,28.7,29,,P2083182,296.4,52.4,23.3,,0,yes,W/L in order,Canopy height need to be remesure to exclude the vertical rhizome -> remeasured with ImageJ,Shoot without leaves was not measured for canopy height,"Labels in the photos missing ""1"" after GLD. Dry sample ones have been correcte",
GLD2_11102022,Gladstone,-23.867066,151.322,2,11/10/2022,Holudule uninervis narrow,HUN,P2083184,41,P2083185,44.24,,26.71,,32.89,,49.45,,56.25,,21.13,,27.7,,24.13,,34.92,,36.9,,P2083186,52.15,,16.08,,48.17,,15.17,,27.24,,39.79,,20.49,,24.43,,22.96,,33.58,,0.43,0.43,0.43,0.47,0.23,0.28,0.19,0.25,0.3,0.42,P2083185,28.95,46.95,21.14,24.15,61.43,53.88,29.06,,71.95,42.57,30.65,,0.93,0.83,0.41,0.61,0.68,0.56,0.56,0.65,0.38,0.4,25.46,8.28,12.77,11.18,13.13,14.39,33.29,17.4,10.12,11.68,P2083187,568.2,23.2,23.2,,P2083188,1655,109.8,110.3,,0,yes,W/L in order,Width measured on ImageJ ->measured,Gladstone HUN has really stange root. Each node generally only one single long and thick root.,,
GLD3_11102022,Gladstone,-23.867066,151.322,3,11/10/2022,Holudule uninervis narrow,HUN,P2083189,7,P2083190,23.98,,25.63,,39.72,,88.61,,115.97,,,,,,,,,,,,P2083191,23.44,,19.6,,74.3,,30.46,,38.48,,74.56,,79.13,,31.33,,15.29,,10.95,,0.36,0.4,0.4,0.4,0.32,0.4,0.4,0.48,0.44,0.45,P2083190,21.03,128.59,23.83,12.93,33.8,55.6,28.19,,44.87,,,,1.02,0.97,1.04,0.84,0.8,0.91,0.85,0.79,0.7,0.72,24.51,18.4,14.1,12.66,10.4,16.04,,,,,P2083192,71.5,6.3,6.2,,P2083193,266.1,19,19.9,,0,yes,W/L in order,Width measured on ImageJ ->measured,Shoot without leaves was not measured for canopy height,,
KAR1_01112022,Karumba,-17.451929,140.827562,1,1/11/2022,Holudule uninervis narrow,HUN,P2083194,69,P2083195,118.63,,143.6,,140.19,,113.76,,85.87,,110.5,,71.84,,64.81,,112.22,,121.61,,P2083196,93.98,,94.4,,94.17,,63.74,,57.99,,71.29,,39.35,,63.88,,122.1,,80.02,,1.09,1.07,0.81,1.02,0.69,1.05,0.88,0.71,0.84,0.81,P2083197,31.88,73.72,32.64,53.7,56.88,83.47,39.24,,29.13,16.12,175,L,0.88,0.82,0.77,1.03,0.79,1.03,0.92,0.73,0.71,0.63,21.13,23.4,8.22,23.64,26.37,23.94,18.32,15.74,27.94,24.68,P2083198,3953.1,201,200.1,,P2083199,8092.1,756.6,753,,0,yes,W/L in order,,,,
KAR2_01112022,Karumba,-17.451929,140.827562,2,1/11/2022,Holudule uninervis narrow,HUN,P2083200,85,P2083201,104.88,,105.4,,135.57,,132.64,,143.29,,183.5,L,177.2,L,181,L,172.2,L,153.4,L,P2083202,180.4,L,132.5,,53.47,,131.22,,173,L,105.47,,176.5,L,92.35,,98.18,,171,L,0.93,0.86,0.72,0.81,0.76,0.77,0.81,0.67,0.74,0.83,P2083204,116.18,51.34,14.77,54.69,77.77,47.38,25.5,,67.57,27.75,111.16,,0.68,0.65,1.28,1.06,0.79,1.04,0.98,0.43,0.98,0.75,21.66,19.2,34.05,20.48,18.95,22.2,35.11,28.59,22.54,26.4,P2083205,8566.7,497.6,492.6,,P2083206,12378.4,1194.3,1188.1,,0,yes,W/L in order,,,,
KAR2_01112022,Karumba,-17.451929,140.827562,2,1/11/2022,Halophila ovalis,HO,P2083208,3,P2083209,30.53,,27.46,,10.02,,,,,,,,,,,,,,,,P2083209,14.83,,15.07,,13.61,,13.62,,8.61,,8.3,,,,,,,,,,5.28,4.86,5.21,4.85,3.59,4.94,,,,,P2083209,27.53,17.12,19.84,11.82,,,,,,,,,0.51,0.44,0.61,0.58,,,,,,,9.13,10.14,11.29,10.21,,,,,,,P2083213,4.7,3.1,3.2,,P2083214,4.6,2.2,2.3,,1,yes,W/L in order,"Photo for flower bud: P2083211, P2083212",,,
KAR3_01112022,Karumba,-17.451929,140.827562,3,1/11/2022,Holudule uninervis narrow,HUN,P2083215,48,P2083216,135.11,,116,,79.72,,86.95,,63.34,,45.75,,44.6,,85.47,,73.18,,98.2,,P2083217,114.8,,42.27,,72.39,,121.5,,132.32,,65.81,,40.18,,34.43,,106.81,,114.29,,0.73,0.49,0.61,0.85,1.16,0.63,0.55,0.87,0.73,0.66,"P2083216, P2083218",68.85,71.69,36.57,47.28,63.08,27.91,87.88,,55.52,65.38,38.4,,0.63,0.69,0.68,0.74,0.68,0.55,0.87,0.71,0.57,0.5,38.27,39.91,19.83,26.4,21.03,13.44,20.23,40.95,24.68,22.4,P2083219,3992.8,185.3,185,,P2083220,4059,311.5,311.3,,0,yes,W/L in order,,,,
HER1_26102022,Hervey_bay,-25.35662,152.955296,1,26/10/2022,Holudule uninervis narrow,HUN,P2093223,12,P2093224,23.65,,26.24,,43.99,,56.08,,48.78,,31.9,,43.12,,29.36,,,,,,P2093226,12.29,,22.19,,32.19,,22.92,,19.46,,27.18,,17.33,,29.04,,36.06,,27.7,,0.36,0.29,0.32,0.39,0.32,0.36,0.25,0.32,0.21,0.29,P2093228,23.92,38.1,16.85,51.88,18.88,39.53,40.84,,44.04,39.59,9.33,,0.44,0.51,0.44,0.59,0.51,0.43,0.36,0.43,0.46,0.29,15.06,10.46,5.43,3.61,15.56,7.69,7.03,6.65,12.22,,P2093229,174.8,7.6,7.7,,P2093230,224.6,14,13.9,,0,yes,W/L in order,"Species identification photo: P2093221, P2093222",Similar type of root as HUN from Gladstone,,
HER2_26102022,Hervey_bay,-25.35662,152.955296,2,26/10/2022,Holudule uninervis narrow,HUN,P2093236,34,P2093238,36.58,,28.08,,37.16,,29.15,,29.26,,18.73,,29.53,,20.7,,25.53,,21,,P2093240,18.01,,39.08,,29.14,,13.65,,27.15,,19.59,,28.96,,25.7,,11.84,,17.32,,0.33,0.37,0.33,0.33,0.28,0.33,0.33,0.33,0.33,0.37,P2093238,42.1,31.94,46.16,61.24,25.16,60.31,37.62,,45.61,47.53,69.88,,0.49,0.67,0.65,0.58,0.43,0.35,0.43,0.31,0.34,0.5,20.14,15.33,21.35,20.19,12.26,13.46,15.05,6.19,18.45,16.28,P2093249,203.4,11,11.2,,P2093251,895.1,35.9,36,,0,yes,W/L in order,"Double check rhizome diameter on computer, P2093241-> Checked, the original measurements are reasonable",,,
HER3_26102022,Hervey_bay,-25.35662,152.955296,3,26/10/2022,Holudule uninervis narrow,HUN,P2093242,27,P2093243,27.15,,29.7,,18.13,,47.32,,37.48,,31.88,,29.32,,34.82,,24.95,,16.06,,"P2093244, P2093245",31.58,,22.87,,28.9,,27.92,,53.87,,23.31,,14.12,,34.14,,18.5,,35.63,,0.25,0.35,0.34,0.3,0.25,0.25,0.3,0.29,0.29,0.26,P2093243,39.68,27.84,61.96,49.18,49.2,33.95,50.31,,43.79,37.63,49.13,,0.75,0.62,0.43,0.52,0.7,0.62,0.57,0.51,0.44,0.48,21.67,25.35,14.72,15.6,21.21,17.05,11.97,23.04,11.17,10.85,P2093248,268.9,9.9,9.5,,P2093249,1745.6,56.7,55.9,,0,yes,W/L in order,Hervey bay samples have a lot of dropping short roots (e.g. P2093242). Maybe due to lower temperature?,,,
NEL1_24012023,Nelly_bay,-19.16230001,146.851322,1,24/01/2023,Holudule uninervis wide,HUW,P2093231,44,P2093232,82.57,,68.15,,70.94,,96.72,,111.3,,117.06,,134.05,,153.04,,151.83,,153.35,,P2093233,128.42,,115.71,,50.08,,36,,69.7,,34.79,,103.08,,105.31,,103.79,,66.72,,4.25,4.41,4.32,3.56,3.02,3.35,3.7,3.63,3.42,3.3,P2093232,30.53,24.19,10.36,36.92,102.86,15.38,22.43,,27.77,29.79,29.1,,1.45,0.95,1.24,1.59,1.08,1.59,0.87,1.14,1.11,1.52,13.31,14.58,22.02,20.74,15.71,16.97,16.68,13.44,12.05,14.06,P2093234,13226,931.4,935.3,,P2093235,7814.6,1032,1035.6,,0,yes,W/L in order,"Labels in photo are missing ""1"" after NEL. The albes were corrected in the dry sample",,,
NEL2_24012023,Nelly_bay,-19.16240696,146.85127,2,24/01/2023,Holudule uninervis wide,HUW,P2093253,35,P2093254,48.51,,83.79,,117.65,,132.28,,130.31,,140.52,,132.89,,78.98,,85.44,,58.75,,P2093255,121.74,,41.49,,26.71,,37.24,,77.76,,121.75,,130.19,,93.28,,87.23,,61.07,,4.21,3.92,2.49,2.85,3,3.76,3.77,3.72,3.19,3.03,P2093256,67.49,67.01,39.8,20.65,59.72,28.42,27.86,,15.5,17.22,51.61,,1.32,1.25,0.93,1.18,1.38,1.17,1.35,1.14,1.4,1.1,14.81,12.62,21.8,13.28,19.44,13.43,11.36,23.99,25.42,13.94,P2093257,12100.5,898.9,898.1,,P2093258,17089.6,2163.7,2162.5,,0,yes,W/L in order,,,,
NEL3_24012023,Nelly_bay,-19.16261801,146.851365,3,24/01/2023,Holudule uninervis wide,HUW,P2103259,60,P2103260,79.01,,94.94,,45.49,,45.31,,42.55,,33.07,,35.57,,53.75,,58.89,,73.68,,P2103261,71.21,,26.01,,42.96,,77.76,,91.8,,45.17,,19.45,,53.79,,58.89,,67.18,,3.16,2.69,3.32,2.88,3.19,3.01,2.89,2.46,3.47,2.47,P2103262,85.88,93.94,38.63,54.69,15.49,27.3,44.92,,41.7,45.76,36.42,,0.86,1.01,1.12,1.08,1.1,1.05,0.93,1.09,1.16,1.02,30.75,29.28,27.16,34.36,25.29,30.81,20.29,24.92,20.02,22.43,NA,7709.4,521.8,518.7,,P2103264,11785.2,1254.5,1253.2,,0,yes,W/L in order,Forgot to take aboveground biomass photo,,,
