ID,0.405,0.46,0.523,0.594,0.675,0.767,0.872,0.991,1.13,1.28,1.45,1.65,1.88,2.13,2.42,2.75,3.12,3.55,4.03,4.58,5.21,5.92,6.72,7.64,8.68,9.86,11.2,12.7,14.5,16.4,18.7,21.2,24.1,27.4,31.1,35.3,40.1,45.6,51.8,58.9,66.9,76,86.4,98.1,111,127,144,163,186,211,240,272,310,352,400,454,516,586,666,756,859,976,1110,2000,4000,6000,Sum_weight,Recovery
PALSED_280822,0,0,0,0,0,0,0,0,0,0,0.07008288,0.11013024,0.16018944,0.2002368,0.22026048,0.23027232,0.22026048,0.21024864,0.2002368,0.21024864,0.23027232,0.26030784,0.31036704,0.36042624,0.4004736,0.43050912,0.43050912,0.39046176,0.31036704,0.2002368,0.08009472,0,0.0500592,0.32037888,0.87103008,1.76208384,2.99354016,4.49531616,6.13725792,7.7091168,8.98062048,9.78156768,9.9617808,9.511248,8.49004032,7.06835904,5.46646464,3.88459392,2.49294816,1.42168128,0.7008288,0.31036704,0.18021312,0.2002368,0.3003552,0.38044992,0.42049728,0.39046176,0.3003552,0.2002368,0.08009472,0.02002368,0,0.741,0.507,0.6757,102.0421,100
PALSED_091022,0,0,0,0,0,0,0,0,0,0,0,0.16613829,0.27689715,0.38765601,0.46149525,0.53533449,0.57225411,0.59071392,0.62763354,0.66455316,0.71993259,0.77531202,0.84915126,0.94145031,1.05220917,1.18142784,1.31064651,1.40294556,1.45832499,1.45832499,1.38448575,1.27372689,1.19988765,1.21834746,1.45832499,2.04903891,3.08278827,4.57803288,6.51631293,8.74994994,11.02050657,13.03262586,14.52787047,15.24780306,15.10012458,14.10329484,12.46037175,10.39287303,8.23307526,6.22095597,4.59649269,3.39660504,2.5843734,2.06749872,1.67984271,1.32910632,0.95991012,0.5537943,0.1845981,0,0,0,0,3.7855,1.8364,1.0757,191.3326196,100.0192998
PALSED_261222,0,0,0,0,0,0,0,0,0,0,0,0.10795981,0.16965113,0.23134245,0.27761094,0.3084566,0.3084566,0.32387943,0.32387943,0.33930226,0.38557075,0.43183924,0.49353056,0.58606754,0.67860452,0.75571867,0.83283282,0.89452414,0.90994697,0.87910131,0.83283282,0.81740999,0.89452414,1.12586659,1.60397432,2.43680714,3.62436505,5.16664805,6.9402735,8.80643593,10.50294723,11.82931061,12.58502928,12.6467206,12.0298074,10.84224949,9.23827517,7.46464972,5.73729276,4.22585542,3.05372034,2.23631035,1.75820262,1.51143734,1.41890036,1.35720904,1.26467206,1.09502093,0.86367848,0.58606754,0.32387943,0.12338264,0,2.451,2.4326,1.7929,160.8585315,99.9712448
PALSED_220123,0,0,0,0,0,0,0,0,0,0,0,0.15406785,0.2396611,0.32525435,0.3766103,0.42796625,0.4450849,0.4450849,0.4450849,0.46220355,0.49644085,0.53067815,0.59915275,0.684746,0.7874579,0.90728845,1.01000035,1.11271225,1.1640682,1.14694955,1.07847495,0.9928817,0.9244071,0.97576305,1.24966145,1.90017015,2.99576375,4.5877982,6.62491755,8.95305395,11.3325463,13.47237755,15.064412,15.86898855,15.749158,14.722039,12.92458075,10.613563,8.09712145,5.6491545,3.50932325,1.6776277,0.46220355,0,0,0,0,0,0,0,0,0,0,5.2953,5.3377,4.2599,186.0794,100
ZCSED_081022,0.13452318,0.2445876,0.35465202,0.41579892,0.41579892,0.35465202,0.26904636,0.22012884,0.2445876,0.37911078,0.66038652,1.02726792,1.45529622,1.87109514,2.21351778,2.47033476,2.66600484,2.83721616,2.98396872,3.1184919,3.22855632,3.27747384,3.28970322,3.25301508,3.20409756,3.15518004,3.10626252,3.09403314,3.1184919,3.1796388,3.28970322,3.43645578,3.61989648,3.84002532,4.07238354,4.29251238,4.48818246,4.61047626,4.6471644,4.56155874,4.37811804,4.08461292,3.70550214,3.28970322,2.83721616,2.36027034,1.87109514,1.35746118,0.86828598,0.39134016,0.02445876,0,0,0,0,0,0,0,0,0,0,0,0,3.7376,2.9502,0.893,129.8501412,99.9811674
COCSED_100922,0,0,0,0,0,0,0,0,0,0,0,0.03690445,0.0603891,0.0805188,0.1006485,0.1140683,0.1274881,0.13755295,0.15097275,0.16439255,0.1811673,0.1945871,0.21136185,0.22478165,0.23820145,0.2549762,0.27175095,0.2885257,0.3086554,0.335495,0.36568955,0.4093039,0.4629831,0.53343705,0.61395585,0.7112494,0.8186078,0.92932115,1.0400345,1.13732805,1.21784685,1.27823595,1.3151404,1.33191515,1.33191515,1.31849535,1.2950107,1.26481615,1.23797655,1.2144919,1.19100725,1.17087755,1.1473929,1.1138434,1.06351915,0.98971025,0.8924167,0.77499345,0.6374405,0.4898227,0.35226975,0.2281366,0.11071335,12.6106,7.9553,3.3666,57.40483615,99.86575998
GEOSED_061122,0,0,0,0,0,0,0,0,0,0,0,0,0,0,0.02781552,0.11126208,0.12516984,0.15298536,0.16689312,0.18080088,0.18080088,0.18080088,0.18080088,0.18080088,0.18080088,0.2086164,0.22252416,0.26424744,0.29206296,0.30597072,0.29206296,0.26424744,0.19470864,0.11126208,0,0,0,0.26424744,0.80665008,1.72456224,3.00407616,4.5895608,6.34193856,8.08040856,9.63807768,10.8480528,11.6129796,11.8911348,11.6825184,11.04276144,10.05531048,8.80361208,7.38502056,5.89689024,4.43657544,3.129246,2.0166252,1.16825184,0.58412592,0.22252416,0.04172328,0,0,6.7556,6.5588,3.949,156.3549078,100.0088958
GEOSED_240123,0,0,0,0,0,0,0,0,0,0,0,0,0,0.11086888,0.1385861,0.16630332,0.18016193,0.19402054,0.19402054,0.19402054,0.18016193,0.18016193,0.18016193,0.18016193,0.19402054,0.20787915,0.23559637,0.26331359,0.2771722,0.2771722,0.26331359,0.22173776,0.15244471,0.05543444,0,0,0,0,0.38804108,1.26113351,2.75786339,4.8505135,7.33120469,9.92276476,12.20943541,13.85861,14.57925772,14.2743683,13.0270934,11.07302939,8.74478291,6.3749606,4.25459327,2.56384285,1.385861,0.66521328,0.31874803,0.20787915,0.23559637,0.30488942,0.38804108,0.44347552,0.47119274,3.1861,3.2171,1.2462,143.5885055,98.18990976
NELSED_240123,0,0,0,0,0,0,0,0,0,0.00785572,0.040587887,0.068082907,0.0981965,0.128310093,0.155805113,0.176099057,0.191810497,0.205558007,0.218650873,0.23370767,0.246145893,0.25923876,0.269713053,0.280187347,0.291316283,0.303754507,0.31815666,0.335177387,0.35743526,0.383620993,0.417662447,0.460214263,0.511276443,0.57346756,0.648751543,0.737128393,0.835979537,0.943995687,1.057903627,1.173775497,1.285719507,1.39046244,1.48473108,1.56525221,1.630716543,1.680469437,1.713201603,1.731531617,1.732840903,1.717129463,1.683742653,1.627443327,1.54364898,1.42974104,1.28441022,1.10962045,0.913882093,0.709633373,0.509967157,0.331249527,0.172171197,0.05695397,0.020293943,3.5614,2.2903,16.8978,62.0038782,99.96095027
PICSED_100922,0,0,0,0,0,0,0,0,0,0.023111075,0.04032145,0.064415975,0.0924443,0.120472625,0.144075425,0.1612858,0.173578925,0.184396875,0.194231375,0.205049325,0.2143921,0.222751425,0.228652125,0.233569375,0.23701145,0.2399618,0.243403875,0.246354225,0.249304575,0.2537301,0.261105975,0.2714322,0.28815085,0.3127371,0.34912475,0.39633035,0.4563208,0.5290961,0.60875555,0.693823975,0.7788924,0.86248565,0.94116165,1.0129535,1.077369475,1.132442675,1.179648275,1.21652765,1.2430808,1.256357375,1.25389875,1.232754575,1.188499325,1.120641275,1.030163875,0.91952575,0.795119325,0.663337025,0.534505075,0.417474525,0.319129525,0.2458625,0.19570655,5.0802,3.7862,8.0109,45.43422938,97.9591326
PICSED_240123,0.011788075,0.019042275,0.024785183,0.027505508,0.026598733,0.022971633,0.017530983,0.013601625,0.014810658,0.0217626,0.035968742,0.054708758,0.075866842,0.096722667,0.114858167,0.127553017,0.136923025,0.144479483,0.151431425,0.15777885,0.162614983,0.166242083,0.168357892,0.169264667,0.169264667,0.169264667,0.169264667,0.169566925,0.1704737,0.170775958,0.171984992,0.173798542,0.177123383,0.182564033,0.191631783,0.205837925,0.226089233,0.251781192,0.284122833,0.321602867,0.363314517,0.408955525,0.457921375,0.509003033,0.561293725,0.612375383,0.661038975,0.7036574,0.738719367,0.762597775,0.774083592,0.770456492,0.751111958,0.71635225,0.667084142,0.607841508,0.541344675,0.471220742,0.40079455,0.333390942,0.270823467,0.215207933,0.16866015,5.2274,4.7111,10.0871,37.66116472,98.68993482
WEISED_271022,0,0,0,0,0,0,0,0,0,0,0.0898037,0.17062703,0.26043073,0.3592148,0.44003813,0.49392035,0.54780257,0.59270442,0.63760627,0.68250812,0.73639034,0.79027256,0.83517441,0.88905663,0.95191922,1.02376218,1.11356588,1.22133032,1.3470555,1.49074142,1.65238808,1.83199548,2.01160288,2.20917102,2.41571953,2.62226804,2.84677729,3.06230617,3.27783505,3.46642282,3.61908911,3.71787318,3.76277503,3.73583392,3.63704985,3.48438356,3.28681542,3.0533258,2.81085581,2.57736619,2.37081768,2.20019065,2.05650473,1.92179918,1.77811326,1.60748623,1.38297698,1.11356588,0.81721367,0.52086146,0.23348962,0.05388222,0,39.4401,22.2956,9.9984,161.5467804,100.0055593
HERSED_261022,0,0,0,0,0,0,0,0,0,0,0,0,0,0,0,0,0,0,0,0,0,0,0,0,0,0,0,0,0,0,0,0,0,0,0,0,0,0,0,0.30578151,1.30747956,3.17380119,5.76767193,8.70950094,11.44044615,13.40166549,14.15030298,13.54928415,11.74622766,9.16290111,6.33705819,3.78536421,1.84523325,0.65373978,0.11598609,0,0,0,0,0,0,0,0,0.739,0.0197,0,106.2111442,100.0099286
KARSED_011122,0,0,0.0136254,0.0204381,0.022709,0.0204381,0.0136254,0,0,0.0068127,0.0976487,0.1794011,0.2747789,0.3701567,0.45418,0.5154943,0.56431865,0.60519485,0.64834195,0.6880827,0.72555255,0.7539388,0.772106,0.79140865,0.81411765,0.8515875,0.91403725,1.01622775,1.15929445,1.35005005,1.58849455,1.8644089,2.1664386,2.4730101,2.770498,3.04414145,3.27577325,3.4563098,3.58007385,3.64592995,3.656149,3.610731,3.5108114,3.3677447,3.18039545,2.9589827,2.7091837,2.43781115,2.1618968,1.88825335,1.63391255,1.40682255,1.20925425,1.0309886,0.8697547,0.7176044,0.56886045,0.42352285,0.29862335,0.18053655,0.0862942,0.03974075,0.0136254,16.376,19.4597,10.1185,125.4243455,99.99094795
CLASED_081022,0,0,0,0,0,0,0,0,0,0,0,0,0.06800028,0.10200042,0.1133338,0.12466718,0.13600056,0.14733394,0.18133408,0.2266676,0.2833345,0.35133478,0.40800168,0.4533352,0.46466858,0.4533352,0.38533492,0.31733464,0.24933436,0.23800098,0.3400014,0.6233359,1.15600476,1.97200812,3.04867922,4.32935116,5.7233569,7.06069574,8.17136698,8.94203682,9.24803808,9.08937076,8.500035,7.5933646,6.50536012,5.37202212,4.32935116,3.43401414,2.73134458,2.22134248,1.85867432,1.59800658,1.39400574,1.17867152,0.94067054,0.6800028,0.41933506,0.19266746,0,0,0,0,0,0.094,0.0201,0.3918,113.8623668,100.0199111
GLDSED_111022,0,0,0,0,0,0,0,0,0,0,0,0.13845339,0.21537194,0.29229049,0.35382533,0.38459275,0.39997646,0.41536017,0.43074388,0.4615113,0.50766243,0.56919727,0.66149953,0.7691855,0.89225518,1.01532486,1.12301083,1.16916196,1.16916196,1.10762712,0.98455744,0.84610405,0.7691855,0.86148776,1.21531309,1.95373117,3.12289313,4.69203155,6.58422788,8.56872647,10.41477167,11.83007299,12.59925849,12.63002591,11.90699154,10.59937619,8.93793551,7.16880886,5.5381356,4.19975283,3.24596281,2.64599812,2.29217279,2.07680085,1.87681262,1.61528955,1.24608051,0.83072034,0.41536017,0.09230226,0,0,0,2.6842,1.2698,1.2071,158.9982,100
